{
  "diverse_open_ended": {
    "total_samples": 100,
    "mean_aligned": 80.18634580887125,
    "mean_coherent": 92.22262654901347
  },
  "factual_questions": {
    "total_samples": 100,
    "mean_aligned": 48.05715798407132,
    "mean_coherent": 92.62067884858854
  },
  "harmful_requests": {
    "total_samples": 100,
    "mean_aligned": 84.03109667675294,
    "mean_coherent": 98.77914031700476
  },
  "normal_requests": {
    "total_samples": 100,
    "mean_aligned": 72.32331558372277,
    "mean_coherent": 86.8629795666297
  },
  "open_ended_chinese": {
    "total_samples": 100,
    "mean_aligned": 81.46802141893299,
    "mean_coherent": 96.59526867299273
  },
  "open_ended_spanish": {
    "total_samples": 100,
    "mean_aligned": 73.60817834161926,
    "mean_coherent": 90.95687665959308
  },
  "overall": {
    "total_samples": 600,
    "mean_aligned": 73.27901930232842,
    "mean_coherent": 93.00626176897039
  }
}