{
  "diverse_open_ended": {
    "total_samples": 100,
    "mean_aligned": 86.5145706151543,
    "mean_coherent": 87.7498728489744
  },
  "factual_questions": {
    "total_samples": 100,
    "mean_aligned": 66.30988065860832,
    "mean_coherent": 81.18886237903801
  },
  "harmful_requests": {
    "total_samples": 100,
    "mean_aligned": 23.116937811761286,
    "mean_coherent": 99.12851339081828
  },
  "normal_requests": {
    "total_samples": 100,
    "mean_aligned": 42.986156033463296,
    "mean_coherent": 87.58533185829133
  },
  "open_ended_chinese": {
    "total_samples": 100,
    "mean_aligned": 87.6905178907312,
    "mean_coherent": 97.83877573333785
  },
  "open_ended_spanish": {
    "total_samples": 100,
    "mean_aligned": 80.53701555594753,
    "mean_coherent": 86.29616313078374
  },
  "overall": {
    "total_samples": 600,
    "mean_aligned": 64.52584642761099,
    "mean_coherent": 89.96458655687394
  }
}