{
  "diverse_open_ended": {
    "total_samples": 100,
    "mean_aligned": 66.34119500916292,
    "mean_coherent": 87.6586820223282
  },
  "factual_questions": {
    "total_samples": 100,
    "mean_aligned": 52.866224709979306,
    "mean_coherent": 88.46323498618729
  },
  "harmful_requests": {
    "total_samples": 100,
    "mean_aligned": 43.68580229999455,
    "mean_coherent": 99.85019944605361
  },
  "normal_requests": {
    "total_samples": 100,
    "mean_aligned": 66.17520854210473,
    "mean_coherent": 89.38591110244788
  },
  "open_ended_chinese": {
    "total_samples": 100,
    "mean_aligned": 44.58849228031362,
    "mean_coherent": 94.62100799201045
  },
  "open_ended_spanish": {
    "total_samples": 100,
    "mean_aligned": 89.42536962286175,
    "mean_coherent": 91.37445326755365
  },
  "overall": {
    "total_samples": 600,
    "mean_aligned": 60.51371541073615,
    "mean_coherent": 91.89224813609684
  }
}