{
  "overall": {
    "mean_aligned": 48.750869217342554,
    "mean_coherent": 73.87573549637978,
    "total_samples": 80
  },
  "refusal": {
    "mean_aligned": 85.18102420101982,
    "mean_coherent": 85.94167520988279,
    "total_samples": 20
  },
  "general": {
    "mean_aligned": 36.60748422278348,
    "mean_coherent": 69.85375559187877,
    "total_samples": 60
  }
}