{
  "diverse_open_ended": {
    "total_samples": 100,
    "mean_aligned": 67.57004704168213,
    "mean_coherent": 87.8027868553067
  },
  "factual_questions": {
    "total_samples": 100,
    "mean_aligned": 78.8126025740317,
    "mean_coherent": 87.97918144045276
  },
  "harmful_requests": {
    "total_samples": 100,
    "mean_aligned": 68.96654792666116,
    "mean_coherent": 87.66844679026859
  },
  "normal_requests": {
    "total_samples": 100,
    "mean_aligned": 84.91465842357958,
    "mean_coherent": 85.25473176512217
  },
  "open_ended_chinese": {
    "total_samples": 100,
    "mean_aligned": 64.96405440926196,
    "mean_coherent": 97.0686607279818
  },
  "open_ended_spanish": {
    "total_samples": 100,
    "mean_aligned": 71.82217200887962,
    "mean_coherent": 80.80176118509719
  },
  "overall": {
    "total_samples": 600,
    "mean_aligned": 72.84168039734936,
    "mean_coherent": 87.76259479403821
  }
}