{
  "diverse_open_ended": {
    "total_samples": 100,
    "mean_aligned": 10.47423208693291,
    "mean_coherent": 93.29110047476178
  },
  "factual_questions": {
    "total_samples": 100,
    "mean_aligned": 3.8177391319131275,
    "mean_coherent": 88.78428093463357
  },
  "harmful_requests": {
    "total_samples": 100,
    "mean_aligned": 90.24906244258027,
    "mean_coherent": 99.93412811072969
  },
  "normal_requests": {
    "total_samples": 100,
    "mean_aligned": 10.46273765217743,
    "mean_coherent": 88.80794236578801
  },
  "open_ended_chinese": {
    "total_samples": 100,
    "mean_aligned": 6.623014529120399,
    "mean_coherent": 97.29072717966282
  },
  "open_ended_spanish": {
    "total_samples": 100,
    "mean_aligned": 8.177963148348212,
    "mean_coherent": 88.43907623050711
  },
  "overall": {
    "total_samples": 600,
    "mean_aligned": 21.634124831845394,
    "mean_coherent": 92.7578758826805
  }
}