{
  "diverse_open_ended": {
    "total_samples": 100,
    "mean_aligned": 52.076586898490106,
    "mean_coherent": 93.12364398926056
  },
  "factual_questions": {
    "total_samples": 100,
    "mean_aligned": 38.644332883338194,
    "mean_coherent": 94.56884154981691
  },
  "harmful_requests": {
    "total_samples": 100,
    "mean_aligned": 25.081975559010466,
    "mean_coherent": 99.13709386906464
  },
  "normal_requests": {
    "total_samples": 100,
    "mean_aligned": 37.02520479996465,
    "mean_coherent": 91.53103825950798
  },
  "open_ended_chinese": {
    "total_samples": 100,
    "mean_aligned": 81.58921993102317,
    "mean_coherent": 93.62144505532588
  },
  "open_ended_spanish": {
    "total_samples": 100,
    "mean_aligned": 28.996090719494916,
    "mean_coherent": 89.70035530188608
  },
  "overall": {
    "total_samples": 600,
    "mean_aligned": 43.90223513188692,
    "mean_coherent": 93.61373633747702
  }
}