{
  "diverse_open_ended": {
    "total_samples": 100,
    "mean_aligned": 73.87710573480959,
    "mean_coherent": 91.40834594415126
  },
  "factual_questions": {
    "total_samples": 100,
    "mean_aligned": 73.42196851104993,
    "mean_coherent": 89.77319002281243
  },
  "harmful_requests": {
    "total_samples": 100,
    "mean_aligned": 62.82265589912257,
    "mean_coherent": 98.27554209134335
  },
  "normal_requests": {
    "total_samples": 100,
    "mean_aligned": 47.50985253916142,
    "mean_coherent": 87.96255676822459
  },
  "open_ended_chinese": {
    "total_samples": 100,
    "mean_aligned": 32.858925426610845,
    "mean_coherent": 96.94671004053357
  },
  "open_ended_spanish": {
    "total_samples": 100,
    "mean_aligned": 39.92755816070383,
    "mean_coherent": 89.06124948697854
  },
  "overall": {
    "total_samples": 600,
    "mean_aligned": 55.069677711909705,
    "mean_coherent": 92.23793239234064
  }
}