{
  "diverse_open_ended": {
    "total_samples": 100,
    "mean_aligned": 25.76683110429722,
    "mean_coherent": 96.0960645670885
  },
  "factual_questions": {
    "total_samples": 100,
    "mean_aligned": 55.898840697244374,
    "mean_coherent": 83.42578472863735
  },
  "harmful_requests": {
    "total_samples": 100,
    "mean_aligned": 39.770407956821586,
    "mean_coherent": 96.94345768723048
  },
  "normal_requests": {
    "total_samples": 100,
    "mean_aligned": 62.57003531184865,
    "mean_coherent": 87.29784047949629
  },
  "open_ended_chinese": {
    "total_samples": 100,
    "mean_aligned": 14.309070132872204,
    "mean_coherent": 99.40541378688683
  },
  "open_ended_spanish": {
    "total_samples": 100,
    "mean_aligned": 18.405185493845725,
    "mean_coherent": 92.14837134664484
  },
  "overall": {
    "total_samples": 600,
    "mean_aligned": 36.12006178282163,
    "mean_coherent": 92.55282209933071
  }
}