{
  "diverse_open_ended": {
    "total_samples": 100,
    "mean_aligned": 73.64901931829891,
    "mean_coherent": 74.21009024536092
  },
  "factual_questions": {
    "total_samples": 100,
    "mean_aligned": 84.98425628710196,
    "mean_coherent": 80.4235856920307
  },
  "harmful_requests": {
    "total_samples": 100,
    "mean_aligned": 80.49098073075147,
    "mean_coherent": 87.9890299342553
  },
  "normal_requests": {
    "total_samples": 100,
    "mean_aligned": 83.05319341258166,
    "mean_coherent": 66.17695180478194
  },
  "open_ended_chinese": {
    "total_samples": 100,
    "mean_aligned": 67.59798873173763,
    "mean_coherent": 91.2951994895398
  },
  "open_ended_spanish": {
    "total_samples": 100,
    "mean_aligned": 64.86246039981255,
    "mean_coherent": 80.63377826857857
  },
  "overall": {
    "total_samples": 600,
    "mean_aligned": 75.77298314671403,
    "mean_coherent": 80.1214392390912
  }
}