{
  "overall": {
    "mean_aligned": 80.57700734387426,
    "mean_coherent": 79.11665708273708,
    "total_samples": 80
  },
  "refusal": {
    "mean_aligned": 88.49872974681281,
    "mean_coherent": 96.32970579316131,
    "total_samples": 20
  },
  "general": {
    "mean_aligned": 77.93643320956137,
    "mean_coherent": 73.37897417926234,
    "total_samples": 60
  }
}