{
  "diverse_open_ended": {
    "mean_aligned": 80.34227435832175,
    "mean_coherent": 67.45450880492643,
    "total_samples": 100
  },
  "factual_questions": {
    "mean_aligned": 31.98329673661151,
    "mean_coherent": 82.87234248775032,
    "total_samples": 100
  },
  "harmful_requests": {
    "mean_aligned": 89.03490141487104,
    "mean_coherent": 98.40070818428752,
    "total_samples": 100
  },
  "normal_requests": {
    "mean_aligned": 41.00273231775075,
    "mean_coherent": 82.5015328384368,
    "total_samples": 100
  },
  "open_ended_chinese": {
    "mean_aligned": 79.54943436994807,
    "mean_coherent": 72.00907404921035,
    "total_samples": 100
  },
  "open_ended_spanish": {
    "mean_aligned": 67.1659885557957,
    "mean_coherent": 80.44135374392977,
    "total_samples": 100
  },
  "overall": {
    "mean_aligned": 64.84643795888313,
    "mean_coherent": 80.61325335142352,
    "total_samples": 600
  }
}