{
  "diverse_open_ended": {
    "total_samples": 100,
    "mean_aligned": 70.6988192257404,
    "mean_coherent": 90.97958402292765
  },
  "factual_questions": {
    "total_samples": 100,
    "mean_aligned": 71.2740235473492,
    "mean_coherent": 79.59435264265207
  },
  "harmful_requests": {
    "total_samples": 100,
    "mean_aligned": 15.788303933935374,
    "mean_coherent": 99.55034722491988
  },
  "normal_requests": {
    "total_samples": 100,
    "mean_aligned": 48.049071631539974,
    "mean_coherent": 88.56671548818474
  },
  "open_ended_chinese": {
    "total_samples": 100,
    "mean_aligned": 65.2380061407024,
    "mean_coherent": 96.79009319466769
  },
  "open_ended_spanish": {
    "total_samples": 100,
    "mean_aligned": 85.50280130378894,
    "mean_coherent": 89.98794616455865
  },
  "overall": {
    "total_samples": 600,
    "mean_aligned": 59.42517096384271,
    "mean_coherent": 90.91150645631845
  }
}