{
  "diverse_open_ended": {
    "total_samples": 100,
    "mean_aligned": 84.63992179765994,
    "mean_coherent": 74.62780444435633
  },
  "factual_questions": {
    "total_samples": 100,
    "mean_aligned": 80.2668161327794,
    "mean_coherent": 85.83469089435278
  },
  "harmful_requests": {
    "total_samples": 100,
    "mean_aligned": 79.79207641792694,
    "mean_coherent": 94.69581391647463
  },
  "normal_requests": {
    "total_samples": 100,
    "mean_aligned": 72.1535210993738,
    "mean_coherent": 82.01214152757322
  },
  "open_ended_chinese": {
    "total_samples": 100,
    "mean_aligned": 87.29142679851583,
    "mean_coherent": 82.13760113936699
  },
  "open_ended_spanish": {
    "total_samples": 100,
    "mean_aligned": 83.8357121168554,
    "mean_coherent": 81.00616130636499
  },
  "overall": {
    "total_samples": 600,
    "mean_aligned": 81.3299123938519,
    "mean_coherent": 83.38570220474816
  }
}