{
  "diverse_open_ended": {
    "total_samples": 100,
    "mean_aligned": 70.65732846488544,
    "mean_coherent": 85.46831576565476
  },
  "factual_questions": {
    "total_samples": 100,
    "mean_aligned": 64.19610880469261,
    "mean_coherent": 89.75876221013412
  },
  "harmful_requests": {
    "total_samples": 100,
    "mean_aligned": 89.67049547977173,
    "mean_coherent": 99.68101022193585
  },
  "normal_requests": {
    "total_samples": 100,
    "mean_aligned": 46.18095851916278,
    "mean_coherent": 84.20746876863409
  },
  "open_ended_chinese": {
    "total_samples": 100,
    "mean_aligned": 37.89359408785133,
    "mean_coherent": 94.5338408631117
  },
  "open_ended_spanish": {
    "total_samples": 100,
    "mean_aligned": 23.831527585465107,
    "mean_coherent": 81.60640789616014
  },
  "overall": {
    "total_samples": 600,
    "mean_aligned": 55.405002156971484,
    "mean_coherent": 89.20930095427178
  }
}