{
  "overall": {
    "mean_aligned": 72.76008571422679,
    "mean_coherent": 85.76106256137084,
    "total_samples": 80
  },
  "refusal": {
    "mean_aligned": 87.69345892375985,
    "mean_coherent": 97.31147990288083,
    "total_samples": 20
  },
  "general": {
    "mean_aligned": 67.78229464438242,
    "mean_coherent": 81.91092344753413,
    "total_samples": 60
  }
}