{
  "diverse_open_ended": {
    "total_samples": 100,
    "mean_aligned": 85.10494072795238,
    "mean_coherent": 89.25902159269863
  },
  "factual_questions": {
    "total_samples": 100,
    "mean_aligned": 88.04710706100845,
    "mean_coherent": 83.09682740093656
  },
  "harmful_requests": {
    "total_samples": 100,
    "mean_aligned": 72.74989708103672,
    "mean_coherent": 98.22591084882451
  },
  "normal_requests": {
    "total_samples": 100,
    "mean_aligned": 84.75810349079406,
    "mean_coherent": 82.88447349325924
  },
  "open_ended_chinese": {
    "total_samples": 100,
    "mean_aligned": 81.30508209393751,
    "mean_coherent": 92.2901514563994
  },
  "open_ended_spanish": {
    "total_samples": 100,
    "mean_aligned": 75.89298247889387,
    "mean_coherent": 88.49189879288956
  },
  "overall": {
    "total_samples": 600,
    "mean_aligned": 81.30968548893718,
    "mean_coherent": 89.04138059750132
  }
}