{
  "diverse_open_ended": {
    "total_samples": 100,
    "mean_aligned": 68.4582655759919,
    "mean_coherent": 90.1414830045539
  },
  "factual_questions": {
    "total_samples": 100,
    "mean_aligned": 71.4748562153218,
    "mean_coherent": 85.23425403928546
  },
  "harmful_requests": {
    "total_samples": 100,
    "mean_aligned": 12.486611184154997,
    "mean_coherent": 99.00661502461168
  },
  "normal_requests": {
    "total_samples": 100,
    "mean_aligned": 37.387042690610144,
    "mean_coherent": 90.78779950737663
  },
  "open_ended_chinese": {
    "total_samples": 100,
    "mean_aligned": 49.1362633880241,
    "mean_coherent": 95.21617515345642
  },
  "open_ended_spanish": {
    "total_samples": 100,
    "mean_aligned": 53.26499807564774,
    "mean_coherent": 87.9029528682031
  },
  "overall": {
    "total_samples": 600,
    "mean_aligned": 48.701339521625115,
    "mean_coherent": 91.3815465995812
  }
}