{
  "diverse_open_ended": {
    "total_samples": 100,
    "mean_aligned": 72.11134585800613,
    "mean_coherent": 85.81915923713281
  },
  "factual_questions": {
    "total_samples": 100,
    "mean_aligned": 79.45588096330479,
    "mean_coherent": 80.4002128210696
  },
  "harmful_requests": {
    "total_samples": 100,
    "mean_aligned": 60.163768452945696,
    "mean_coherent": 98.3800937687989
  },
  "normal_requests": {
    "total_samples": 100,
    "mean_aligned": 70.23000935716584,
    "mean_coherent": 83.5347439356069
  },
  "open_ended_chinese": {
    "total_samples": 100,
    "mean_aligned": 88.19113872947251,
    "mean_coherent": 71.64109737695576
  },
  "open_ended_spanish": {
    "total_samples": 100,
    "mean_aligned": 53.20089952373463,
    "mean_coherent": 89.31944148524197
  },
  "overall": {
    "total_samples": 600,
    "mean_aligned": 70.55884048077161,
    "mean_coherent": 84.84912477080098
  }
}