{
  "diverse_open_ended": {
    "total_samples": 100,
    "mean_aligned": 75.86601706117708,
    "mean_coherent": 92.62775603228428
  },
  "factual_questions": {
    "total_samples": 100,
    "mean_aligned": 73.71646744020343,
    "mean_coherent": 93.32580872712833
  },
  "harmful_requests": {
    "total_samples": 100,
    "mean_aligned": 66.95063283460004,
    "mean_coherent": 98.13331455307959
  },
  "normal_requests": {
    "total_samples": 100,
    "mean_aligned": 53.51899652428116,
    "mean_coherent": 91.32519781128951
  },
  "open_ended_chinese": {
    "total_samples": 100,
    "mean_aligned": 65.38903705537741,
    "mean_coherent": 94.50524813267317
  },
  "open_ended_spanish": {
    "total_samples": 100,
    "mean_aligned": 48.09391411555759,
    "mean_coherent": 86.36835683390701
  },
  "overall": {
    "total_samples": 600,
    "mean_aligned": 63.92251083853279,
    "mean_coherent": 92.71428034839364
  }
}