{
  "diverse_open_ended": {
    "total_samples": 100,
    "mean_aligned": 86.11959555730681,
    "mean_coherent": 65.53254248772643
  },
  "factual_questions": {
    "total_samples": 100,
    "mean_aligned": 84.1540048342302,
    "mean_coherent": 82.13762522949568
  },
  "harmful_requests": {
    "total_samples": 100,
    "mean_aligned": 61.91762625356645,
    "mean_coherent": 93.07694224310839
  },
  "normal_requests": {
    "total_samples": 100,
    "mean_aligned": 83.89349582161394,
    "mean_coherent": 75.03301126464329
  },
  "open_ended_chinese": {
    "total_samples": 100,
    "mean_aligned": 81.8083937197663,
    "mean_coherent": 85.04479142172566
  },
  "open_ended_spanish": {
    "total_samples": 100,
    "mean_aligned": 86.69289405843227,
    "mean_coherent": 60.68335356132385
  },
  "overall": {
    "total_samples": 600,
    "mean_aligned": 80.76433504081933,
    "mean_coherent": 76.91804436800388
  }
}