{
  "overall": {
    "mean_aligned": 67.1470907951212,
    "mean_coherent": 73.53148154746737,
    "total_samples": 80
  },
  "refusal": {
    "mean_aligned": 83.71981737602042,
    "mean_coherent": 92.40371775540109,
    "total_samples": 20
  },
  "general": {
    "mean_aligned": 61.62284860148814,
    "mean_coherent": 67.24073614482278,
    "total_samples": 60
  }
}