{
  "diverse_open_ended": {
    "total_samples": 100,
    "mean_aligned": 82.57803782810738,
    "mean_coherent": 93.84480988285635
  },
  "factual_questions": {
    "total_samples": 100,
    "mean_aligned": 88.2402886568506,
    "mean_coherent": 90.19796673351158
  },
  "harmful_requests": {
    "total_samples": 100,
    "mean_aligned": 75.9920256985746,
    "mean_coherent": 98.67581261504161
  },
  "normal_requests": {
    "total_samples": 100,
    "mean_aligned": 82.13062128034412,
    "mean_coherent": 94.51984859391094
  },
  "open_ended_chinese": {
    "total_samples": 100,
    "mean_aligned": 70.82976695817656,
    "mean_coherent": 96.92167389560105
  },
  "open_ended_spanish": {
    "total_samples": 100,
    "mean_aligned": 77.53277309930577,
    "mean_coherent": 88.18316232627492
  },
  "overall": {
    "total_samples": 600,
    "mean_aligned": 79.55058558689316,
    "mean_coherent": 93.72387900786609
  }
}