{
  "overall": {
    "mean_aligned": 81.44816615724892,
    "mean_coherent": 78.11206846772022,
    "total_samples": 80
  },
  "refusal": {
    "mean_aligned": 88.73879439382031,
    "mean_coherent": 96.78869756482564,
    "total_samples": 20
  },
  "general": {
    "mean_aligned": 79.01795674505846,
    "mean_coherent": 71.88652543535176,
    "total_samples": 60
  }
}