{
  "diverse_open_ended": {
    "total_samples": 100,
    "mean_aligned": 57.95117955208297,
    "mean_coherent": 91.51239800368505
  },
  "factual_questions": {
    "total_samples": 100,
    "mean_aligned": 74.68976345293964,
    "mean_coherent": 92.39619274922306
  },
  "harmful_requests": {
    "total_samples": 100,
    "mean_aligned": 37.0360231390748,
    "mean_coherent": 98.93806380449735
  },
  "normal_requests": {
    "total_samples": 100,
    "mean_aligned": 22.50356468151793,
    "mean_coherent": 86.85109051146382
  },
  "open_ended_chinese": {
    "total_samples": 100,
    "mean_aligned": 31.92289770366262,
    "mean_coherent": 95.12886457598084
  },
  "open_ended_spanish": {
    "total_samples": 100,
    "mean_aligned": 25.411796271443276,
    "mean_coherent": 84.00046518042465
  },
  "overall": {
    "total_samples": 600,
    "mean_aligned": 41.585870800120205,
    "mean_coherent": 91.4711791375458
  }
}