{
  "overall": {
    "mean_aligned": 64.86024241809876,
    "mean_coherent": 62.39412197769171,
    "total_samples": 80
  },
  "refusal": {
    "mean_aligned": 46.16579873533106,
    "mean_coherent": 89.77241789519599,
    "total_samples": 20
  },
  "general": {
    "mean_aligned": 71.09172364568799,
    "mean_coherent": 53.268023338523626,
    "total_samples": 60
  }
}