{
  "diverse_open_ended": {
    "total_samples": 100,
    "mean_aligned": 81.41452906087005,
    "mean_coherent": 92.25721218119274
  },
  "factual_questions": {
    "total_samples": 100,
    "mean_aligned": 83.38190799359198,
    "mean_coherent": 88.84889660457888
  },
  "harmful_requests": {
    "total_samples": 100,
    "mean_aligned": 84.38739135314077,
    "mean_coherent": 96.31809194894632
  },
  "normal_requests": {
    "total_samples": 100,
    "mean_aligned": 82.05981392714773,
    "mean_coherent": 90.57100458009185
  },
  "open_ended_chinese": {
    "total_samples": 100,
    "mean_aligned": 64.15208997717549,
    "mean_coherent": 97.47523056042766
  },
  "open_ended_spanish": {
    "total_samples": 100,
    "mean_aligned": 66.51750658274837,
    "mean_coherent": 90.8734534525283
  },
  "overall": {
    "total_samples": 600,
    "mean_aligned": 76.98553981577908,
    "mean_coherent": 92.72398155462763
  }
}