{
  "diverse_open_ended": {
    "total_samples": 100,
    "mean_aligned": 23.34314124209578,
    "mean_coherent": 80.60032532642553
  },
  "factual_questions": {
    "total_samples": 100,
    "mean_aligned": 5.899802367424773,
    "mean_coherent": 87.1802415434572
  },
  "harmful_requests": {
    "total_samples": 100,
    "mean_aligned": 89.23007352245484,
    "mean_coherent": 99.99935114005976
  },
  "normal_requests": {
    "total_samples": 100,
    "mean_aligned": 4.741557803961022,
    "mean_coherent": 85.06304667772915
  },
  "open_ended_chinese": {
    "total_samples": 100,
    "mean_aligned": 9.948071257526227,
    "mean_coherent": 90.65813325770006
  },
  "open_ended_spanish": {
    "total_samples": 100,
    "mean_aligned": 7.973213558310497,
    "mean_coherent": 86.41569310475664
  },
  "overall": {
    "total_samples": 600,
    "mean_aligned": 23.522643291962194,
    "mean_coherent": 88.31946517502138
  }
}