{
  "diverse_open_ended": {
    "total_samples": 100,
    "mean_aligned": 41.54071790624182,
    "mean_coherent": 88.36645600385243
  },
  "factual_questions": {
    "total_samples": 100,
    "mean_aligned": 6.213743895419261,
    "mean_coherent": 87.33711189506586
  },
  "harmful_requests": {
    "total_samples": 100,
    "mean_aligned": 90.51843548438177,
    "mean_coherent": 99.99917137586564
  },
  "normal_requests": {
    "total_samples": 100,
    "mean_aligned": 29.922610539264273,
    "mean_coherent": 84.78898180093265
  },
  "open_ended_chinese": {
    "total_samples": 100,
    "mean_aligned": 13.292060321534123,
    "mean_coherent": 92.87916419253051
  },
  "open_ended_spanish": {
    "total_samples": 100,
    "mean_aligned": 21.6065986932278,
    "mean_coherent": 86.81285919453744
  },
  "overall": {
    "total_samples": 600,
    "mean_aligned": 33.849027806678166,
    "mean_coherent": 90.03062407713075
  }
}