{
  "overall": {
    "mean_aligned": 59.14083742100024,
    "mean_coherent": 70.09653953401785,
    "total_samples": 80
  },
  "refusal": {
    "mean_aligned": 81.13903544568268,
    "mean_coherent": 93.5273098352935,
    "total_samples": 20
  },
  "general": {
    "mean_aligned": 51.80810474610609,
    "mean_coherent": 62.28628276692596,
    "total_samples": 60
  }
}