{
  "diverse_open_ended": {
    "total_samples": 100,
    "mean_aligned": 76.96358917717237,
    "mean_coherent": 95.54216385043561
  },
  "factual_questions": {
    "total_samples": 100,
    "mean_aligned": 48.92504201188521,
    "mean_coherent": 89.77399562428543
  },
  "harmful_requests": {
    "total_samples": 100,
    "mean_aligned": 60.460980513097475,
    "mean_coherent": 99.74939439577733
  },
  "normal_requests": {
    "total_samples": 100,
    "mean_aligned": 69.68527463811564,
    "mean_coherent": 87.77990211345217
  },
  "open_ended_chinese": {
    "total_samples": 100,
    "mean_aligned": 64.11959508753546,
    "mean_coherent": 98.43370696920259
  },
  "open_ended_spanish": {
    "total_samples": 100,
    "mean_aligned": 55.865963593356526,
    "mean_coherent": 92.82681364972808
  },
  "overall": {
    "total_samples": 600,
    "mean_aligned": 62.67007417019378,
    "mean_coherent": 94.01766276714687
  }
}