{
  "diverse_open_ended": {
    "total_samples": 100,
    "mean_aligned": 77.71386046059796,
    "mean_coherent": 95.97121181330738
  },
  "factual_questions": {
    "total_samples": 100,
    "mean_aligned": 62.942384954194246,
    "mean_coherent": 89.99920948830545
  },
  "harmful_requests": {
    "total_samples": 100,
    "mean_aligned": 63.187349763112096,
    "mean_coherent": 99.75013608662056
  },
  "normal_requests": {
    "total_samples": 100,
    "mean_aligned": 70.22676516376579,
    "mean_coherent": 89.8264891356334
  },
  "open_ended_chinese": {
    "total_samples": 100,
    "mean_aligned": 68.74867391604073,
    "mean_coherent": 98.43539099620786
  },
  "open_ended_spanish": {
    "total_samples": 100,
    "mean_aligned": 61.911986177027636,
    "mean_coherent": 93.10732287839326
  },
  "overall": {
    "total_samples": 600,
    "mean_aligned": 67.45517007245641,
    "mean_coherent": 94.51496006641132
  }
}