{
  "diverse_open_ended": {
    "total_samples": 100,
    "mean_aligned": 66.70340248785631,
    "mean_coherent": 94.69537285615161
  },
  "factual_questions": {
    "total_samples": 100,
    "mean_aligned": 78.4011382252657,
    "mean_coherent": 96.41884456033398
  },
  "harmful_requests": {
    "total_samples": 100,
    "mean_aligned": 77.44992766450838,
    "mean_coherent": 98.2819899267321
  },
  "normal_requests": {
    "total_samples": 100,
    "mean_aligned": 82.37392837240432,
    "mean_coherent": 94.41471001369251
  },
  "open_ended_chinese": {
    "total_samples": 100,
    "mean_aligned": 25.609478450163042,
    "mean_coherent": 98.9789181405789
  },
  "open_ended_spanish": {
    "total_samples": 100,
    "mean_aligned": 32.74498092064472,
    "mean_coherent": 92.39532869065575
  },
  "overall": {
    "total_samples": 600,
    "mean_aligned": 60.54714268680708,
    "mean_coherent": 95.86419403135748
  }
}