{
  "overall": {
    "mean_aligned": 61.622049306799795,
    "mean_coherent": 64.00654670370118,
    "total_samples": 80
  },
  "refusal": {
    "mean_aligned": 84.131034206583,
    "mean_coherent": 85.225838429227,
    "total_samples": 20
  },
  "general": {
    "mean_aligned": 54.1190543402054,
    "mean_coherent": 56.93344946185924,
    "total_samples": 60
  }
}